4/30/2026,FEST-FDL,Todd,STUR-GIN-CLSC-750,14,10,-4,
4/30/2026,FEST-NEEN,Todd,STUR-VOD-CHRY-750,10,7,-3,
4/30/2026,FEST-MENA,Todd,STUR-GIN-BORG-750,24,18,-6,
4/30/2026,FEST-MENA,Todd,STUR-VOD-CHRY-750,22,24,2,
4/30/2026,FEST-MENA,Todd,STUR-VOD-CRAN-750,22,24,2,
4/30/2026,FEST-MENA,Todd,STUR-GIN-CLSC-750,8,9,1,
4/30/2026,FEST-APL-DAR,Todd,STUR-GIN-BORG-750,1,19,18,
4/30/2026,FEST-APL-DAR,Todd,STUR-VOD-CHRY-750,13,16,3,
4/30/2026,FEST-APL-DAR,Todd,STUR-VOD-CRAN-750,8,5,-3,
4/30/2026,FEST-APL-DAR,Todd,STUR-GIN-CLSC-750,5,17,12,
4/30/2026,FEST-APL-NORTH,Todd,STUR-GIN-BORG-750,11,9,-2,
4/30/2026,FEST-APL-NORTH,Todd,STUR-VOD-CHRY-750,19,20,1,
4/30/2026,FEST-APL-NORTH,Todd,STUR-VOD-CRAN-750,17,15,-2,
4/30/2026,FEST-APL-NORTH,Todd,STUR-GIN-CLSC-750,9,8,-1,
4/30/2026,FEST-APL-NORTH,Todd,STUR-LIQ-COFF-750,13,12,-1,
4/30/2026,FEST-APL-NORTH,Todd,STUR-GIN-BORG-750,9,10,1,
4/30/2026,FEST-APL-NORTH,Todd,STUR-VOD-CHRY-750,20,20,0,
4/30/2026,FEST-APL-NORTH,Todd,STUR-VOD-CRAN-750,15,15,0,
4/30/2026,FEST-APL-NORTH,Todd,STUR-GIN-CLSC-750,8,9,1,
4/30/2026,FEST-APL-NORTH,Todd,STUR-LIQ-COFF-750,12,12,0,
4/30/2026,WOOD-APL,Todd,STUR-VOD-BLKB-750,9,6,-3,
4/30/2026,WOOD-APL,Todd,STUR-VOD-RRUN-750,9,8,-1,
4/30/2026,PIG-OSHK,Todd,STUR-VOD-BLKB-750,16,14,-2,
4/30/2026,PIG-OSHK,Todd,STUR-VOD-CRAN-750,11,10,-1,
4/30/2026,PIG-OSHK,Todd,STUR-GIN-CLSC-750,10,9,-1,
4/30/2026,PIG-OSHK,Todd,STUR-VOD-RRUN-750,11,10,-1,
5/7/2026,FEST-OSHK,Todd,STUR-RUM-BANA-750,13,12,-1,
5/7/2026,FEST-OSHK,Todd,STUR-GIN-BORG-750,9,8,-1,
5/7/2026,FEST-OSHK,Todd,STUR-VOD-CHRY-750,5,19,14,
5/7/2026,FEST-OSHK,Todd,STUR-VOD-CRAN-750,8,6,-2,
5/7/2026,FEST-OSHK,Todd,STUR-GIN-CLSC-750,9,8,-1,
5/7/2026,FEST-MENA,Todd,STUR-LIQ-COFF-750,6,18,12,
5/7/2026,FEST-APL-DAR,Todd,STUR-VOD-CRAN-750,5,17,12,
5/7/2026,WOOD-APL,Todd,STUR-VOD-BLKB-750,6,17,11,
5/7/2026,WOOD-APL,Todd,STUR-VOD-RRUN-750,8,7,-1,
5/7/2026,PIG-OSHK,Todd,STUR-LIQ-COFF-750,5,17,12,
5/26/2026,FEST-FDL,Todd,STUR-GIN-BORG-750,8,11,3,
5/26/2026,FEST-FDL,Todd,STUR-VOD-CHRY-750,7,6,-1,
5/26/2026,FEST-FDL,Todd,STUR-VOD-CRAN-750,21,17,-4,
5/26/2026,FEST-FDL,Todd,STUR-GIN-CLSC-750,10,12,2,
5/26/2026,FEST-OSHK,Todd,STUR-RUM-BANA-750,12,11,-1,
5/26/2026,FEST-OSHK,Todd,STUR-GIN-BORG-750,8,3,-5,
5/26/2026,FEST-OSHK,Todd,STUR-VOD-CHRY-750,19,16,-3,
5/26/2026,FEST-OSHK,Todd,STUR-VOD-CRAN-750,6,7,1,
5/26/2026,FEST-OSHK,Todd,STUR-GIN-CLSC-750,8,7,-1,
5/26/2026,FEST-OSHK,Todd,STUR-BRB-STR-750,9,8,-1,
5/26/2026,FEST-OSHK,Todd,STUR-LIQ-COFF-750,18,17,-1,
5/26/2026,FEST-NEEN,Todd,STUR-VOD-CHRY-750,7,5,-2,
5/26/2026,FEST-NEEN,Todd,STUR-VOD-CRAN-750,12,10,-2,
5/26/2026,FEST-NEEN,Todd,STUR-LIQ-COFF-750,14,12,-2,
5/26/2026,FEST-APL-DAR,Todd,STUR-GIN-BORG-750,19,18,-1,
5/26/2026,FEST-APL-DAR,Todd,STUR-VOD-CHRY-750,16,12,-4,
5/26/2026,FEST-APL-NORTH,Todd,STUR-GIN-BORG-750,10,9,-1,
5/26/2026,FEST-APL-NORTH,Todd,STUR-VOD-CHRY-750,20,19,-1,
5/26/2026,FEST-APL-NORTH,Todd,STUR-GIN-CLSC-750,9,8,-1,
5/26/2026,WOOD-APL,Todd,STUR-VOD-BLKB-750,17,16,-1,
5/26/2026,WOOD-APL,Todd,STUR-GIN-BORG-750,12,11,-1,
5/26/2026,WOOD-APL,Todd,STUR-VOD-RRUN-750,7,5,-2,
6/18/2026,FEST-NEEN,Karl,STUR-GIN-BORG-750,25,22,-3,
6/18/2026,FEST-NEEN,Karl,STUR-VOD-CHRY-750,5,17,12,
6/18/2026,FEST-NEEN,Karl,STUR-VOD-CRAN-750,10,12,2,
6/18/2026,FEST-NEEN,Karl,STUR-LIQ-COFF-750,12,14,2,
6/18/2026,FEST-NEEN,Karl,STUR-GIN-BORG-750,22,22,0,
6/18/2026,FEST-NEEN,Karl,STUR-VOD-CHRY-750,17,17,0,
6/18/2026,FEST-NEEN,Karl,STUR-VOD-CRAN-750,12,12,0,
6/18/2026,FEST-NEEN,Karl,STUR-LIQ-COFF-750,14,14,0,
6/18/2026,FEST-NEEN,Karl,STUR-GIN-BORG-750,22,22,0,
6/18/2026,FEST-NEEN,Karl,STUR-VOD-CHRY-750,17,17,0,
6/18/2026,FEST-NEEN,Karl,STUR-VOD-CRAN-750,12,12,0,
6/18/2026,FEST-NEEN,Karl,STUR-LIQ-COFF-750,14,14,0,
6/18/2026,FEST-APL-DAR,Karl,STUR-GIN-BORG-750,18,17,-1,
6/18/2026,FEST-APL-DAR,Karl,STUR-VOD-CHRY-750,12,14,2,
6/18/2026,FEST-APL-DAR,Karl,STUR-VOD-CRAN-750,17,15,-2,
6/18/2026,FEST-APL-DAR,Karl,STUR-GIN-CLSC-750,17,16,-1,
6/18/2026,FEST-APL-DAR,Karl,STUR-LIQ-COFF-750,16,18,2,
6/18/2026,FEST-APL-DAR,Karl,STUR-GIN-BORG-750,17,17,0,
6/18/2026,FEST-APL-DAR,Karl,STUR-VOD-CHRY-750,14,14,0,
6/18/2026,FEST-APL-DAR,Karl,STUR-VOD-CRAN-750,15,15,0,
6/18/2026,FEST-APL-DAR,Karl,STUR-GIN-CLSC-750,16,16,0,
6/18/2026,FEST-APL-DAR,Karl,STUR-LIQ-COFF-750,18,18,0,
6/18/2026,FEST-APL-NORTH,Karl,STUR-GIN-BORG-750,9,7,-2,
7/8/2026,FEST-OSHK,T,STUR-RUM-BANA-750,11,7,-4,
7/8/2026,FEST-OSHK,T,STUR-GIN-BORG-750,3,10,7,
7/8/2026,FEST-OSHK,T,STUR-VOD-CHRY-750,16,15,-1,
7/8/2026,FEST-OSHK,T,STUR-VOD-CRAN-750,7,18,11,
7/8/2026,FEST-OSHK,T,STUR-GIN-CLSC-750,7,15,8,
7/8/2026,FEST-OSHK,T,STUR-BRB-STR-750,8,6,-2,
7/8/2026,FEST-OSHK,T,STUR-LIQ-COFF-750,17,14,-3,
7/8/2026,FEST-OSHK,T,STUR-RUM-BANA-750,7,7,0,
7/8/2026,FEST-OSHK,T,STUR-GIN-BORG-750,10,10,0,
7/8/2026,FEST-OSHK,T,STUR-VOD-CHRY-750,15,15,0,
7/8/2026,FEST-OSHK,T,STUR-VOD-CRAN-750,18,18,0,
7/8/2026,FEST-OSHK,T,STUR-GIN-CLSC-750,15,15,0,
7/8/2026,FEST-OSHK,T,STUR-BRB-STR-750,6,6,0,
7/8/2026,FEST-OSHK,T,STUR-LIQ-COFF-750,14,14,0,
7/8/2026,WOOD-APL,T,STUR-VOD-BLKB-750,16,8,-8,
7/8/2026,WOOD-APL,T,STUR-GIN-BORG-750,11,8,-3,
7/8/2026,WOOD-APL,T,STUR-VOD-CRAN-750,12,10,-2,
7/8/2026,WOOD-APL,T,STUR-VOD-RRUN-750,5,3,-2,
7/8/2026,WOOD-APL,T,STUR-VOD-BLKB-750,8,8,0,
7/8/2026,WOOD-APL,T,STUR-GIN-BORG-750,8,8,0,
7/8/2026,WOOD-APL,T,STUR-VOD-CRAN-750,10,10,0,
7/8/2026,WOOD-APL,T,STUR-VOD-RRUN-750,3,3,0,
7/8/2026,WOOD-APL,T,STUR-VOD-CRAN-750,10,11,1,
7/8/2026,WOOD-APL,T,STUR-VOD-CRAN-750,11,11,0,
7/8/2026,FEST-APL-NORTH,T,STUR-VOD-CHRY-750,19,18,-1,
7/8/2026,FEST-APL-NORTH,T,STUR-GIN-CLSC-750,8,17,9,
7/8/2026,FEST-APL-NORTH,T,STUR-VOD-CHRY-750,18,18,0,
7/8/2026,FEST-APL-NORTH,T,STUR-GIN-CLSC-750,17,17,0,
7/8/2026,FEST-MENA,T,STUR-VOD-CHRY-750,24,32,8,
7/8/2026,FEST-MENA,T,STUR-VOD-CHRY-750,32,32,0,
7/8/2026,FEST-NEEN,T,STUR-GIN-BORG-750,22,24,2,
7/8/2026,FEST-NEEN,T,STUR-VOD-CHRY-750,17,16,-1,
7/8/2026,FEST-NEEN,T,STUR-VOD-CRAN-750,12,10,-2,
7/8/2026,FEST-NEEN,T,STUR-GIN-CLSC-750,12,9,-3,
7/8/2026,FEST-NEEN,T,STUR-LIQ-COFF-750,14,11,-3,
7/8/2026,PIG-OSHK,T,STUR-VOD-BLKB-750,14,12,-2,
7/8/2026,PIG-OSHK,T,STUR-VOD-CRAN-750,10,7,-3,
7/8/2026,PIG-OSHK,T,STUR-GIN-CLSC-750,9,8,-1,
7/8/2026,PIG-OSHK,T,STUR-VOD-RRUN-750,10,9,-1,
7/8/2026,PIG-OSHK,T,STUR-LIQ-COFF-750,17,15,-2,
7/8/2026,FEST-FDL,T,STUR-GIN-BORG-750,11,6,-5,
7/8/2026,FEST-FDL,T,STUR-VOD-CHRY-750,6,4,-2,
7/8/2026,FEST-FDL,T,STUR-VOD-CRAN-750,17,12,-5,
7/8/2026,FEST-FDL,T,STUR-GIN-CLSC-750,12,10,-2,
7/8/2026,FEST-FDL,T,STUR-LIQ-COFF-750,17,16,-1,
7/29/2026,FEST-NEEN,T,STUR-GIN-BORG-750,24,23,-1,
7/29/2026,FEST-NEEN,T,STUR-VOD-CRAN-750,10,9,-1,
7/29/2026,FEST-NEEN,T,STUR-GIN-BORG-750,23,23,0,
7/29/2026,FEST-NEEN,T,STUR-VOD-CRAN-750,9,9,0,
7/29/2026,FEST-MENA,T,STUR-GIN-BORG-750,18,17,-1,
7/29/2026,FEST-MENA,T,STUR-VOD-CHRY-750,32,22,-10,
7/29/2026,FEST-MENA,T,STUR-GIN-CLSC-750,9,7,-2,
7/29/2026,FEST-MENA,T,STUR-LIQ-COFF-750,18,17,-1,
7/29/2026,FEST-APL-DAR,T,STUR-GIN-BORG-750,17,18,1,
7/29/2026,FEST-APL-DAR,T,STUR-VOD-CHRY-750,14,13,-1,
7/29/2026,FEST-APL-DAR,T,STUR-LIQ-COFF-750,18,16,-2,
7/29/2026,FEST-APL-NORTH,T,STUR-GIN-BORG-750,7,6,-1,
7/29/2026,FEST-APL-NORTH,T,STUR-GIN-CLSC-750,17,16,-1,
7/29/2026,FEST-APL-NORTH,T,STUR-LIQ-COFF-750,12,11,-1,
7/29/2026,FEST-FDL,T,STUR-VOD-CHRY-750,4,3,-1,
7/29/2026,FEST-FDL,T,STUR-VOD-CRAN-750,12,10,-2,
7/30/2026,FEST-OSHK,Karl,STUR-GIN-BORG-750,10,18,8,
7/30/2026,FEST-OSHK,Karl,STUR-VOD-CRAN-750,18,17,-1,
7/30/2026,FEST-OSHK,Karl,STUR-GIN-CLSC-750,15,12,-3,
7/30/2026,FEST-OSHK,Karl,STUR-BRB-STR-750,6,17,11,
7/30/2026,FEST-OSHK,Karl,STUR-LIQ-COFF-750,14,11,-3,
7/30/2026,FEST-OSHK,Karl,STUR-GIN-BORG-750,18,18,0,
7/30/2026,FEST-OSHK,Karl,STUR-VOD-CRAN-750,17,17,0,
7/30/2026,FEST-OSHK,Karl,STUR-GIN-CLSC-750,12,12,0,
7/30/2026,FEST-OSHK,Karl,STUR-BRB-STR-750,17,17,0,
7/30/2026,FEST-OSHK,Karl,STUR-LIQ-COFF-750,11,11,0,
8/20/2026,FEST-FDL,T,STUR-GIN-BORG-750,6,5,-1,
8/20/2026,FEST-FDL,T,STUR-VOD-CHRY-750,3,15,12,
8/20/2026,FEST-FDL,T,STUR-LIQ-COFF-750,16,15,-1,
8/20/2026,PIG-OSHK,T,STUR-VOD-BLKB-750,12,9,-3,
8/20/2026,PIG-OSHK,T,STUR-GIN-CLSC-750,8,6,-2,
8/20/2026,PIG-OSHK,T,STUR-VOD-RRUN-750,9,8,-1,
8/20/2026,FEST-OSHK,T,STUR-RUM-BANA-750,7,6,-1,
8/20/2026,FEST-OSHK,T,STUR-GIN-BORG-750,18,17,-1,
8/20/2026,FEST-OSHK,T,STUR-VOD-CHRY-750,15,12,-3,
8/20/2026,FEST-OSHK,T,STUR-VOD-CRAN-750,17,16,-1,
8/20/2026,FEST-OSHK,T,STUR-BRB-STR-750,17,16,-1,
8/20/2026,FEST-OSHK,T,STUR-LIQ-COFF-750,11,8,-3,
8/20/2026,FEST-NEEN,T,STUR-GIN-CLSC-750,9,8,-1,
8/20/2026,FEST-MENA,T,STUR-VOD-CHRY-750,22,23,1,
8/20/2026,FEST-MENA,T,STUR-GIN-CLSC-750,7,6,-1,
8/20/2026,FEST-APL-DAR,T,STUR-VOD-CRAN-750,15,14,-1,
8/20/2026,FEST-APL-DAR,T,STUR-GIN-CLSC-750,16,15,-1,
8/20/2026,FEST-APL-DAR,T,STUR-LIQ-COFF-750,16,15,-1,
8/20/2026,FEST-APL-NORTH,T,STUR-GIN-BORG-750,6,18,12,
8/20/2026,FEST-APL-NORTH,T,STUR-VOD-CRAN-750,15,14,-1,
8/20/2026,WOOD-APL,T,STUR-VOD-BLKB-750,8,3,-5,
8/20/2026,WOOD-APL,T,STUR-VOD-CRAN-750,11,9,-2,
8/20/2026,WOOD-APL,T,STUR-VOD-RRUN-750,3,1,-2,
9/16/2026,PIG-OSHK,T,STUR-VOD-BLKB-750,9,4,-5,
9/16/2026,PIG-OSHK,T,STUR-VOD-CRAN-750,7,4,-3,
9/16/2026,PIG-OSHK,T,STUR-GIN-CLSC-750,6,3,-3,
9/16/2026,PIG-OSHK,T,STUR-VOD-RRUN-750,8,2,-6,
9/16/2026,PIG-OSHK,T,STUR-GIN-CLSC-750,3,5,2,
9/16/2026,PIG-OSHK,T,STUR-VOD-RRUN-750,2,6,4,
9/16/2026,FEST-NEEN,T,STUR-GIN-BORG-750,23,21,-2,
9/16/2026,FEST-NEEN,T,STUR-GIN-CLSC-750,8,7,-1,
9/16/2026,FEST-NEEN,T,STUR-LIQ-COFF-750,11,10,-1,
9/16/2026,FEST-MENA,T,STUR-VOD-CHRY-750,23,22,-1,
9/16/2026,FEST-MENA,T,STUR-VOD-CHRY-750,22,22,0,
9/16/2026,FEST-APL-DAR,T,STUR-VOD-CRAN-750,14,13,-1,
9/16/2026,FEST-APL-DAR,T,STUR-GIN-CLSC-750,15,14,-1,
9/16/2026,FEST-APL-DAR,T,STUR-LIQ-COFF-750,15,14,-1,
9/16/2026,FEST-APL-NORTH,T,STUR-GIN-CLSC-750,16,13,-3,
9/16/2026,FEST-APL-NORTH,T,STUR-LIQ-COFF-750,11,9,-2,
9/16/2026,WOOD-APL,T,STUR-VOD-BLKB-750,3,4,1,
