store_id,sku_id,on_hand_units,par_level_units,reorder_point_units,last_count_date,last_count_units
FEST-OSHK,STUR-VOD-CHRY-750,12,12,4,8/20/2026,12
FEST-OSHK,STUR-VOD-CRAN-750,16,12,4,8/20/2026,16
FEST-OSHK,STUR-GIN-CLSC-750,12,12,4,7/30/2026,12
FEST-OSHK,STUR-GIN-BORG-750,17,12,4,8/20/2026,17
FEST-OSHK,STUR-LIQ-COFF-750,8,12,2,8/20/2026,8
FEST-OSHK,STUR-BRB-STR-750,16,12,4,8/20/2026,16
FEST-OSHK,STUR-RUM-BANA-750,6,12,4,8/20/2026,6
,,,,,,
FEST-NEEN,STUR-VOD-CHRY-750,16,12,4,7/8/2026,16
FEST-NEEN,STUR-VOD-CRAN-750,9,12,4,7/29/2026,9
FEST-NEEN,STUR-GIN-CLSC-750,7,12,4,9/16/2026,7
FEST-NEEN,STUR-GIN-BORG-750,21,12,4,9/16/2026,21
FEST-NEEN,STUR-LIQ-COFF-750,10,12,4,9/16/2026,10
,,,,,,
FEST-MENA,STUR-VOD-CHRY-750,22,12,4,9/16/2026,22
FEST-MENA,STUR-VOD-CRAN-750,24,12,4,4/30/2026,24
FEST-MENA,STUR-GIN-CLSC-750,6,12,4,8/20/2026,6
FEST-MENA,STUR-GIN-BORG-750,17,12,4,7/29/2026,17
FEST-MENA,STUR-LIQ-COFF-750,17,6,2,7/29/2026,17
,,,,,,
FEST-APL-NORTH,STUR-VOD-CHRY-750,18,12,4,7/8/2026,18
FEST-APL-NORTH,STUR-VOD-CRAN-750,14,12,4,8/20/2026,14
FEST-APL-NORTH,STUR-GIN-CLSC-750,13,12,4,9/16/2026,13
FEST-APL-NORTH,STUR-GIN-BORG-750,18,12,4,8/20/2026,18
FEST-APL-NORTH,STUR-LIQ-COFF-750,9,6,2,9/16/2026,9
,,,,,,
FEST-APL-DAR,STUR-VOD-CHRY-750,13,12,4,7/29/2026,13
FEST-APL-DAR,STUR-VOD-CRAN-750,13,12,4,9/16/2026,13
FEST-APL-DAR,STUR-GIN-CLSC-750,14,12,4,9/16/2026,14
FEST-APL-DAR,STUR-GIN-BORG-750,18,12,4,7/29/2026,18
FEST-APL-DAR,STUR-LIQ-COFF-750,14,6,2,9/16/2026,14
,,,,,,
OFC-OSHK,STUR-BRY-APPL-750,2,6,2,,
OFC-OSHK,STUR-LIQ-CHOC-750,6,12,4,,
OFC-OSHK,STUR-VOD-CRAN-750,1,12,4,,
OFC-OSHK,STUR-LIQ-AMAR-750,5,12,4,,
,,,,,,
PIG-OSHK,STUR-VOD-CRAN-750,4,12,4,9/16/2026,4
PIG-OSHK,STUR-GIN-CLSC-750,5,12,4,9/16/2026,5
PIG-OSHK,STUR-VOD-RRUN-750,6,12,4,9/16/2026,6
PIG-OSHK,STUR-LIQ-COFF-750,15,12,4,7/8/2026,15
PIG-OSHK,STUR-VOD-BLKB-750,4,12,4,9/16/2026,4
,,,,,,
WAGN-OSHK,STUR-GIN-CLSC-750,6,12,4,,
WAGN-OSHK,STUR-BRB-STR-750,6,12,4,,
WAGN-OSHK,STUR-VOD-RRUN-750,12,12,4,,
WAGN-OSHK,STUR-BRY-APPL-750,5,12,4,,
,,,,,,
TWM-APL,STUR-VOD-CRAN-750,12,12,4,,
TWM-APL,STUR-GIN-BORG-750,12,12,4,,
TWM-APL,STUR-VOD-RRUN-750,12,12,4,,
TWM-APL,STUR-BRB-STR-750,12,6,2,,
,,,,,,
CUJA-FDL,STUR-LIQ-AMAR-750,1,12,4,1/7/2026,1
CUJA-FDL,STUR-LIQ-CHOC-750,1,12,4,1/7/2026,1
CUJA-FDL,STUR-VOD-BLKB-750,0,12,4,1/7/2026,0
CUJA-FDL,STUR-VOD-CRAN-750,2,12,4,1/7/2026,2
,,,,,,
FEST-FDL,STUR-GIN-BORG-750,5,12,4,8/20/2026,5
FEST-FDL,STUR-VOD-CHRY-750,15,12,4,8/20/2026,15
FEST-FDL,STUR-VOD-CRAN-750,10,12,4,7/29/2026,10
FEST-FDL,STUR-GIN-CLSC-750,10,12,4,7/8/2026,10
FEST-FDL,STUR-LIQ-COFF-750,15,12,4,8/20/2026,15
,,,,,,
WOOD-APL,STUR-VOD-BLKB-750,4,12,4,9/16/2026,4
WOOD-APL,STUR-GIN-BORG-750,8,12,4,7/8/2026,8
WOOD-APL,STUR-VOD-CRAN-750,9,12,4,8/20/2026,9
WOOD-APL,STUR-VOD-RRUN-750,1,12,4,8/20/2026,1
